{"cameraMode":{"drawMode":0,"name":"Shaded","section":"Shading Mode"},"sceneLighting":false,"audioPlay":false,"sceneViewState":{"showFog":true,"showMaterialUpdate":false,"showSkybox":true,"showFlares":true,"showImageEffects":true,"showParticleSystems":true},"in2DMode":false,"pivot":{"x":-0.3130025863647461,"y":-0.013403773307800293,"z":0.09127044677734375},"rotation":{"x":-0.03057073801755905,"y":0.860292375087738,"z":-0.051945220679044726,"w":-0.5062384605407715},"size":6.963014125823975,"orthographic":false}