{"cameraMode":{"drawMode":0,"name":"Shaded","section":"Shading Mode"},"sceneLighting":false,"audioPlay":false,"sceneViewState":{"showFog":true,"showMaterialUpdate":false,"showSkybox":true,"showFlares":true,"showImageEffects":true,"showParticleSystems":true},"in2DMode":false,"pivot":{"x":0.023748934268951417,"y":0.9957469701766968,"z":0.0035511329770088197},"rotation":{"x":-0.14369451999664308,"y":0.8122686147689819,"z":-0.22507181763648988,"w":-0.5185763835906982},"size":0.8444610238075256,"orthographic":false}