{"cameraMode":{"drawMode":0,"name":"Shaded","section":"Shading Mode"},"sceneLighting":false,"audioPlay":false,"sceneViewState":{"showFog":true,"showMaterialUpdate":false,"showSkybox":false,"showFlares":true,"showImageEffects":true,"showParticleSystems":true},"in2DMode":false,"pivot":{"x":-0.3594357371330261,"y":0.8954039812088013,"z":-0.33012855052948},"rotation":{"x":0.11544899642467499,"y":0.041701655834913257,"z":-0.004851239267736673,"w":0.9924261569976807},"size":1.9620054960250855,"orthographic":false}